{
  "batch": "data_final",
  "best_cv_means": {
    "accuracy": 0.6920381712006837,
    "balanced_accuracy": 0.6681829587993972,
    "f1": 0.7542378213030179,
    "precision": 0.745452229659126,
    "recall": 0.7665679378008144
  },
  "best_search_score": 0.7542378213030179,
  "goal_threshold": 2.0,
  "model_params": {
    "max_depth": null,
    "min_samples_split": 2,
    "n_estimators": 300
  },
  "model_type": "rf",
  "obstacle_threshold": 0.5,
  "refit_metric": "f1",
  "use_threshold_filtering": true
}